brand,state,store_name,latitude,longitude
Home Hardware,NSW,Richardson's Home Timber & Hardware,-30.5171,151.6463
Home Hardware,NSW,Barraba Rural Traders Home Hardware,-30.3787,150.6075
Home Hardware,NSW,Blacksmiths Home Timber & Hardware,-33.0766,151.6923
Home Hardware,NSW,Blaxland Home Hardware,-33.7441,150.611
Home Hardware,NSW,Bombala Electrical Home Hardware,-36.9138,149.2394
Home Hardware,NSW,Boorowa Hardware,-34.4367,148.7198
Home Hardware,NSW,Bourke Home Timber & Hardware,-30.0898,145.938
Home Hardware,NSW,Newcastle Home Timber & Hardware,-32.9239,151.7285
Home Hardware,NSW,Casino Home Timber & Hardware,-28.8617,153.0485
Home Hardware,NSW,Clarence Town Home Hardware,-32.5833,151.7834
Home Hardware,NSW,Cobargo Co-op Society,-36.3155,149.9992
Home Hardware,NSW,Haynes Farm & Hardware,-31.8234,149.7197
Home Hardware,NSW,Roach's Home Timber & Hardware,-31.2721,149.2789
Home Hardware,NSW,Cant Bros. Home Timber & Hardware,-29.9631,148.3907
Home Hardware,NSW,Gibson's Home Hardware,-34.4552,149.4678
Home Hardware,NSW,Dorrigo Hardware,-30.3411,152.7121
Home Hardware,NSW,Dunedoo Home Hardware,-32.0152,149.3908
Home Hardware,NSW,Evans Head Home Hardware,-29.1177,153.4304
Home Hardware,NSW,Rohr's Home Timber & Hardware,-31.7202,148.6653
Home Hardware,NSW,Hicks Mitre 10,-29.7368,151.7374
Home Hardware,NSW,Bishop's Hardware & Building Supplies,-30.222,151.67
Home Hardware,NSW,Antonakos Home Timber & Hardware,-34.5085,144.8436
Home Hardware,NSW,Lake Home Timber & Hardware,-33.2995,146.378
Home Hardware,NSW,Laurieton Hardware,-31.6443,152.796
Home Hardware,NSW,Mr Cheap Home Hardware,-29.4278,147.9754
Home Hardware,NSW,Merriwa Home Timber & Hardware,-32.14,150.35
Home Hardware,NSW,Dippers Home Timber & Hardware,-29.465,149.845
Home Hardware,NSW,McKechnie Home Hardware,-30.3255,149.78
Home Hardware,NSW,Murphy's Home Timber & Hardware,-31.5622,147.1958
Home Hardware,NSW,Hudson Mitre 10,-35.34,149.2415
Home Hardware,NSW,Rylstone Home Timber & Hardware,-32.7985,149.973
Home Hardware,NSW,Hunter Hardware Centre,-32.916,151.781
Home Hardware,NSW,Sussex Inlet Home Hardware,-35.165,150.564
Home Hardware,NSW,Tanilba Bay Home Timber & Hardware,-32.7345,152.024
Home Hardware,NSW,Tea Gardens Home Timber & Hardware,-32.659,152.163
Home Hardware,NSW,Tenterfield Home Hardware,-29.0545,152.0185
Home Hardware,NSW,Riverina Co-operative Society,-35.1105,147.34
Home Hardware,NSW,Walgett Home Timber & Hardware,-30.0205,148.119
Home Hardware,NSW,Thompsons Home Timber & Hardware,-31.4635,152.731
Home Hardware,NSW,Campbell's Home Timber & Hardware,-33.487,151.323
Home Hardware,NSW,Yass Home Timber & Hardware,-34.842,148.911
Home Hardware,NT,Berry Springs Home Hardware,-12.6955,130.999
Home Hardware,QLD,Leather's Home Hardware,-19.3015,146.771
Home Hardware,QLD,Allora Home Hardware,-28.032,151.984
Home Hardware,QLD,Burdekin Home Hardware,-19.574,147.4075
Home Hardware,QLD,Biloela Home Timber & Hardware,-24.402,150.511
Home Hardware,QLD,Bowen Home Hardware,-20.0145,148.244
Home Hardware,QLD,Browns Plains Home Hardware,-27.665,153.038
Home Hardware,QLD,Charleville Home Timber & Hardware,-26.401,146.242
Home Hardware,QLD,Childers Home Timber & Hardware,-25.237,152.277
Home Hardware,QLD,N.J. Thompson's Home Hardware,-28.0665,145.681
Home Hardware,QLD,Dalby Hardware & Plumbing,-27.186,151.264
Home Hardware,QLD,John Crooks Home Timber & Hardware,-22.584,148.353
Home Hardware,QLD,Gailes Home Hardware,-27.6025,152.917
Home Hardware,QLD,Mackenzies Home Timber & Hardware,-28.544,150.311
Home Hardware,QLD,Hendra Home Hardware,-27.4205,153.073
Home Hardware,QLD,Mary Valley Home Hardware,-26.4595,152.677
Home Hardware,QLD,Kilcoy Rural,-26.944,152.564
Home Hardware,QLD,Killarney Co-op Home Timber & Hardware,-28.336,152.299
Home Hardware,QLD,Raff Home Timber & Hardware,-27.8705,151.273
Home Hardware,QLD,Mundubbera Home Timber & Hardware,-25.5905,151.301
Home Hardware,QLD,Benborough Hardware & Produce,-27.4375,151.723
Home Hardware,QLD,Pomona Home Hardware,-26.367,152.855
Home Hardware,QLD,Ravenshoe Home Timber & Hardware,-17.6105,145.484
Home Hardware,QLD,Roma Home Timber & Hardware,-26.574,148.789
Home Hardware,QLD,Tallai Home Timber & Hardware,-28.0665,153.333
Home Hardware,QLD,Tara Home Hardware,-27.277,150.464
Home Hardware,QLD,Tinana Home Hardware,-25.5595,152.687
Home Hardware,QLD,Wandoan Home Hardware,-26.1205,149.959
Home Hardware,QLD,Winton Hardware,-22.388,143.038
Home Hardware,QLD,Woodford Home Timber & Hardware,-26.9545,152.777
Home Hardware,QLD,Woodgate Beach Home Hardware,-25.104,152.549
Home Hardware,SA,Ardrossan Home Hardware,-34.424,137.919
Home Hardware,SA,Ashton Co-Op Society,-34.93,138.729
Home Hardware,SA,Beech Hardware & Building Suppliers,-34.2525,140.462
Home Hardware,SA,Blackwood Home Hardware,-35.0225,138.617
Home Hardware,SA,Moore's Home Hardware,-36.3105,140.773
Home Hardware,SA,Burra Hardware,-33.6745,138.936
Home Hardware,SA,Ceduna Home Timber & Hardware,-32.129,133.677
Home Hardware,SA,Coober Pedy Home Hardware,-29.0125,134.753
Home Hardware,SA,Cowell Home Hardware,-33.684,136.929
Home Hardware,SA,The Long Room Home Hardware,-33.352,138.2075
Home Hardware,SA,Cummins Home Hardware,-34.2625,135.729
Home Hardware,SA,Kies Home Timber & Hardware,-35.502,138.782
Home Hardware,SA,Rynne's Home Hardware & Sports,-33.2095,138.605
Home Hardware,SA,Kapunda Home Hardware,-34.3425,138.922
Home Hardware,SA,Kimba Hardware,-33.1425,136.419
Home Hardware,SA,Kangaroo Island Mitre 10,-35.654,137.639
Home Hardware,SA,Pope's Hardware Home Timber & Hardware,-36.8325,139.85
Home Hardware,SA,Lameroo Home Hardware,-35.327,140.514
Home Hardware,SA,Loxton Home Timber & Hardware,-34.454,140.564
Home Hardware,SA,Bonneys Home Hardware,-35.6925,139.339
Home Hardware,SA,Minlaton Home Hardware,-34.7695,137.598
Home Hardware,SA,Shippy's Home Hardware Moonta,-34.0675,137.589
Home Hardware,SA,Morgan Home Hardware,-34.0335,139.669
Home Hardware,SA,Penola Home Hardware,-37.3825,140.839
Home Hardware,SA,Peterborough Home Timber & Hardware,-32.974,138.839
Home Hardware,SA,Port Broughton Home Hardware,-33.6035,137.936
Home Hardware,SA,Dave's Work 'n' Safety Gear,-34.1725,140.749
Home Hardware,SA,Riverton Hardware,-34.1555,138.749
Home Hardware,SA,Shippy's Home Hardware Wallaroo,-33.9295,137.626
Home Hardware,SA,SJ & JA Wild,-32.6545,138.108
Home Hardware,VIC,Wild Dog Home Hardware,-38.757,143.668
Home Hardware,VIC,MGM Home Timber & Hardware,-37.7775,144.919
Home Hardware,VIC,Beaufort Rural & Hardware,-37.431,143.386
Home Hardware,VIC,Belgrave South Home Timber & Hardware,-37.9315,145.363
Home Hardware,VIC,George Tallis Home Timber & Hardware,-36.1125,143.723
Home Hardware,VIC,Davies Home Timber & Hardware,-37.4245,143.892
Home Hardware,VIC,Edenhope Department Store,-37.0325,141.299
Home Hardware,VIC,Eltham Home Timber & Hardware,-37.7135,145.149
Home Hardware,VIC,Burton's Home Hardware,-36.7525,145.569
Home Hardware,VIC,Heywood Home Timber & Hardware,-38.1265,141.629
Home Hardware,VIC,Dodson's Electrical Timber & Hardware,-36.3795,141.239
Home Hardware,VIC,Capeview Mitre 10,-38.4825,145.946
Home Hardware,VIC,Lorne Hardware & Leisure,-38.5395,143.979
Home Hardware,VIC,South Eastern Home Hardware,-37.5595,149.755
Home Hardware,VIC,Mirboo North Home Hardware,-38.4025,146.163
Home Hardware,VIC,J Golsworthy & Sons Home Timber & Hardware,-38.0765,142.794
Home Hardware,VIC,North Eastern Home Improvement,-36.7395,147.169
Home Hardware,VIC,Neerim South Timber & Hardware,-38.0135,145.953
Home Hardware,VIC,Nhill Home Timber & Hardware,-36.3325,141.649
Home Hardware,VIC,Numurkah Home Timber & Hardware,-36.0905,145.439
Home Hardware,VIC,Ocean Grove Home Hardware,-38.2685,144.524
Home Hardware,VIC,Omeo Rural & Hardware,-37.0995,147.594
Home Hardware,VIC,Orbost Home Hardware,-37.7025,148.456
Home Hardware,VIC,Poole's Home Hardware,-35.0695,142.313
Home Hardware,VIC,Brookes Home Hardware,-38.3825,142.239
Home Hardware,VIC,T.Ismay & Co Home Hardware,-35.9025,141.994
Home Hardware,VIC,Rutherglen Home Hardware,-36.0575,146.464
Home Hardware,VIC,Brown Wigg Home Timber & Hardware,-38.1025,147.069
Home Hardware,VIC,Hoogies Home Timber & Hardware,-37.7825,145.464
Home Hardware,VIC,E & Ra Parlour Home Hardware,-38.4425,143.223
Home Hardware,VIC,Murray Valley Bearings & Hardware,-35.3385,143.554
Home Hardware,VIC,GTS Farm Supplies,-36.2525,144.946
Home Hardware,VIC,Jenkins Home Hardware,-38.2135,146.153
Home Hardware,VIC,Warrack Home Timber & Hardware,-36.2425,142.434
Home Hardware,VIC,Biz Buzz Handy Hardware,-37.7125,145.084
Home Hardware,VIC,Wedderburn Hardware,-36.4225,143.613
Home Hardware,VIC,Wyecheproof Home Hardware,-36.0795,143.229
Home Hardware,VIC,Hoogies of Yarra Glen,-37.713,145.373
Home Hardware,WA,Augusta Home Hardware,-34.3135,115.159
Home Hardware,WA,Avon Trading Home Hardware,-32.1135,116.924
Home Hardware,WA,Carnarvon Mitre 10,-24.8845,113.664
Home Hardware,WA,Corrigin Home Hardware,-32.3335,117.873
Home Hardware,WA,Derby Building Supplies,-17.3025,123.634
Home Hardware,WA,Gingin Home Hardware,-31.3525,115.904
Home Hardware,WA,Jurien Bay Mitre 10,-30.3025,115.039
Home Hardware,WA,Home Hardware Karratha,-20.7395,116.844
Home Hardware,WA,Karratha Thrifty-Link Hardware,-20.7385,116.846
Home Hardware,WA,Katanning Stock,-33.6925,117.554
Home Hardware,WA,Farmways Home Hardware,-31.6225,117.723
Home Hardware,WA,Kojonup Co-Op Home Timber & Hardware,-33.8325,117.159
Home Hardware,WA,Kununurra Home Timber & Hardware,-15.7795,128.739
Home Hardware,WA,McKenzies Home Hardware,-33.1025,118.464
Home Hardware,WA,Manjimup Mitre 10 & Retravision,-34.2425,116.149
Home Hardware,WA,Hardware Plus True Value Hardware,-30.6395,116.009
Home Hardware,WA,Mount Helena Home Hardware,-31.8795,116.21
Home Hardware,WA,Paterson's Home Hardware,-30.9155,118.209
Home Hardware,WA,Mullewa Farm Supplies,-28.5395,115.513
Home Hardware,WA,Nannup Hardware & Agencies,-33.9795,115.764
Home Hardware,WA,Hancock & Sons,-32.9335,117.179
Home Hardware,WA,Newman Home Timber & Hardware,-23.3525,119.733
Home Hardware,WA,Haslebys Home Timber & Hardware,-28.3495,114.634
Home Hardware,WA,Osborne Park Home Hardware,-31.9025,115.829
Home Hardware,WA,Hedland Hardware,-20.4095,118.599
Home Hardware,WA,SX Home Timber & Hardware,-31.2335,119.323
Home Hardware,WA,Toodyay Home Timber & Hardware,-31.5505,116.467
Mitre 10,ACT,MITCHELL,-35.2081,149.1425
Mitre 10,NSW,ANNANDALE,-33.8821,151.1714
Mitre 10,NSW,AUSTRAL,-33.9168,150.8166
Mitre 10,NSW,AVALON BEACH,-33.6366,151.3307
Mitre 10,NSW,BARHAM,-35.6268,144.1281
Mitre 10,NSW,BATHURST,-33.4191,149.5714
Mitre 10,NSW,BEGA,-36.6719,149.8456
Mitre 10,NSW,BERMAGUI,-36.4258,150.0766
Mitre 10,NSW,BLACKHEATH,-33.6338,150.2831
Mitre 10,NSW,BOMADERRY,-34.8512,150.6015
Mitre 10,NSW,BONDI JUNCTION,-33.8911,151.2465
Mitre 10,NSW,BRAIDWOOD,-35.4442,149.7995
Mitre 10,NSW,BRANXTON,-32.6534,151.3533
Mitre 10,NSW,BROKEN HILL,-31.9547,141.4633
Mitre 10,NSW,BROOKVALE,-33.7621,151.2721
Mitre 10,NSW,BUNGENDORE,-35.2482,149.4471
Mitre 10,NSW,CAMDEN,-34.0558,150.6953
Mitre 10,NSW,CENTRAL MANGROVE,-33.3421,151.2185
Mitre 10,NSW,CESSNOCK,-32.8423,151.3468
Mitre 10,NSW,COFFS HARBOUR,-30.2974,153.1165
Mitre 10,NSW,CONDOBOLIN,-33.0851,147.1472
Mitre 10,NSW,COOMA,-36.2355,149.1256
Mitre 10,NSW,COORANBONG,-33.0768,151.4554
Mitre 10,NSW,COOTAMUNDRA,-34.6401,148.0268
Mitre 10,NSW,DENILIQUIN,-35.5305,144.9667
Mitre 10,NSW,DUBBO,-32.2471,148.6012
Mitre 10,NSW,DUBBO,-32.2485,148.6085
Mitre 10,NSW,EBENEZER,-33.5185,150.8492
Mitre 10,NSW,EDEN,-37.0621,149.9073
Mitre 10,NSW,FORBES NEW,-33.3855,148.0062
Mitre 10,NSW,FORESTVILLE,-33.7629,151.2114
Mitre 10,NSW,GLENDALE,-32.9351,151.6425
Mitre 10,NSW,GOULBURN,-34.7548,149.7183
Mitre 10,NSW,GUNDAGAI,-35.0664,148.1092
Mitre 10,NSW,GUNNEDAH,-30.9788,150.2526
Mitre 10,NSW,HOLBROOK,-35.7196,147.3111
Mitre 10,NSW,HUSKISSON NEW,-35.0401,150.6728
Mitre 10,NSW,JINDABYNE,-36.4158,148.6205
Mitre 10,NSW,JUNEE,-34.8698,147.5815
Mitre 10,NSW,KATOOMBA,-33.7126,150.3134
Mitre 10,NSW,KEMPS CREEK,-33.8741,150.7812
Mitre 10,NSW,KINCUMBER,-33.4735,151.4021
Mitre 10,NSW,KINCUMBER,-33.4721,151.4015
Mitre 10,NSW,KIRRAWEE,-34.0321,151.0665
Mitre 10,NSW,KOOTINGAL,-31.0682,151.0478
Mitre 10,NSW,KURRI KURRI NEW,-32.8184,151.4827
Mitre 10,NSW,KYOGLE,-28.6186,153.0012
Mitre 10,NSW,LEETON,-34.5516,146.4021
Mitre 10,NSW,LEUMEAH,-34.0531,150.8354
Mitre 10,NSW,LIVERPOOL,-33.9215,150.9238
Mitre 10,NSW,MACKSVILLE,-30.7042,152.9215
Mitre 10,NSW,MACLEAN,-29.4585,153.1972
Mitre 10,NSW,MARRICKVILLE,-33.9101,151.1542
Mitre 10,NSW,MERIMBULA,-36.8864,149.9075
Mitre 10,NSW,MILTON,-35.3168,150.4395
Mitre 10,NSW,MINTO,-34.0325,150.8462
Mitre 10,NSW,MITTAGONG,-34.4532,150.4485
Mitre 10,NSW,MONA VALE,-33.6765,151.3052
Mitre 10,NSW,MORUYA,-35.9125,150.0815
Mitre 10,NSW,MOSMAN,-33.8345,151.2405
Mitre 10,NSW,MOSS VALE,-34.5492,150.3752
Mitre 10,NSW,MUDGEE,-32.5938,149.5891
Mitre 10,NSW,MULLUMBIMBY,-28.5501,153.4985
Mitre 10,NSW,MURWILLUMBAH,-28.3298,153.3985
Mitre 10,NSW,MUSWELLBROOK,-32.2615,150.8885
Mitre 10,NSW,NAROOMA,-36.2165,150.1268
Mitre 10,NSW,NAROOMA,-36.2155,150.1255
Mitre 10,NSW,NARRANDERA,-34.7475,146.5542
Mitre 10,NSW,NEWTOWN,-33.8962,151.1852
Mitre 10,NSW,NORTH RICHMOND,-33.5855,150.7208
Mitre 10,NSW,NOWRA NEW,-34.8765,150.6035
Mitre 10,NSW,OBERON,-33.7042,149.8601
Mitre 10,NSW,ORANGE,-33.2845,149.1008
Mitre 10,NSW,OURIMBAH,-33.3645,151.3712
Mitre 10,NSW,PADDINGTON,-33.8865,151.2312
Mitre 10,NSW,PAMBULA,-36.9325,149.8732
Mitre 10,NSW,PARKES,-33.1305,148.1725
Mitre 10,NSW,PEAKHURST,-33.9625,151.0501
Mitre 10,NSW,PENDLE HILL,-33.8055,150.9525
Mitre 10,NSW,PENRITH,-33.7538,150.6975
Mitre 10,NSW,PICTON,-34.1755,150.6125
Mitre 10,NSW,PORT MACQUARIE,-31.4508,152.8835
Mitre 10,NSW,QUEANBEYAN EAST,-35.3405,149.2435
Mitre 10,NSW,QUIRINDI,-31.5065,150.6805
Mitre 10,NSW,RUTHERFORD,-32.7165,151.5285
Mitre 10,NSW,SCONE,-32.0495,150.8655
Mitre 10,NSW,SINGLETON,-32.5645,151.1765
Mitre 10,NSW,SOUTH NOWRA NEW,-34.8975,150.6095
Mitre 10,NSW,SYDNEY,-33.8672,151.2081
Mitre 10,NSW,SYDNEY,-33.8685,151.2065
Mitre 10,NSW,TAREE,-31.9055,152.4705
Mitre 10,NSW,TEMORA NEW,-34.4445,147.5325
Mitre 10,NSW,TORONTO,-33.0135,151.5945
Mitre 10,NSW,TOWNSEND,-29.4535,153.2065
Mitre 10,NSW,TUMBARUMBA,-35.7765,148.0015
Mitre 10,NSW,TUMUT,-35.3025,148.2215
Mitre 10,NSW,ULLADULLA,-35.3565,150.4725
Mitre 10,NSW,WARIALDA,-29.5395,150.5735
Mitre 10,NSW,WARNERS BAY,-32.9665,151.6495
Mitre 10,NSW,WEE WAA,-30.2225,149.4405
Mitre 10,NSW,WEST GOSFORD,-33.4215,151.3205
Mitre 10,NSW,WINDSOR,-33.6085,150.8195
Mitre 10,NSW,WOODENBONG,-28.3895,152.6105
Mitre 10,NSW,WOOLGOOLGA,-30.1145,153.1995
Mitre 10,NSW,YAMBA,-29.4445,153.3515
Mitre 10,NT,ALICE SPRINGS,-23.7001,133.8805
Mitre 10,NT,KATHERINE EAST,-14.4633,132.2691
Mitre 10,NT,TENNANT CREEK,-19.6468,134.1925
Mitre 10,QLD,BARCALDINE,-23.5535,145.2895
Mitre 10,QLD,BARINGA,-26.8045,153.0785
Mitre 10,QLD,BEAUDESERT,-27.9905,152.9975
Mitre 10,QLD,BEENLEIGH,-27.7175,153.2035
Mitre 10,QLD,BLACKALL,-24.4255,145.4665
Mitre 10,QLD,BLACKWATER,-23.5825,148.8795
Mitre 10,QLD,BOKARINA,-26.7455,153.1255
Mitre 10,QLD,BOONAH,-27.9945,152.6845
Mitre 10,QLD,BRIBIE ISLAND,-27.0865,153.1615
Mitre 10,QLD,BUNDABERG,-24.8695,152.3485
Mitre 10,QLD,BUNDALL,-28.0055,153.4075
Mitre 10,QLD,CALOUNDRA,-26.8065,153.1255
Mitre 10,QLD,CANNONVALE,-20.2785,148.7055
Mitre 10,QLD,CARDWELL,-18.2665,146.0275
Mitre 10,QLD,CHARTERS TOWERS NEW,-20.0765,146.2625
Mitre 10,QLD,CHINCHILLA NEW,-26.7375,150.6275
Mitre 10,QLD,CHINCHILLA NEW,-26.7365,150.6265
Mitre 10,QLD,CLERMONT,-22.8255,147.6385
Mitre 10,QLD,CLEVELAND NEW,-27.5255,153.2645
Mitre 10,QLD,CLIFTON,-27.9315,151.8415
Mitre 10,QLD,CLONCURRY,-20.7055,140.5055
Mitre 10,QLD,COLLINSVILLE,-20.5545,147.8445
Mitre 10,QLD,COOLUM BEACH,-26.5335,153.0765
Mitre 10,QLD,COOROY,-26.4175,152.9105
Mitre 10,QLD,DARLING HEIGHTS,-27.6045,151.9325
Mitre 10,QLD,EMERALD,-23.5295,148.1655
Mitre 10,QLD,FERNVALE,-27.4525,152.6515
Mitre 10,QLD,GATTON,-27.5615,152.2785
Mitre 10,QLD,GAYNDAH,-25.6265,151.6095
Mitre 10,QLD,GLASS HOUSE MOUNTAIN,-26.9015,152.9535
Mitre 10,QLD,GYMPIE,-26.1925,152.6635
Mitre 10,QLD,HUGHENDEN,-20.8445,144.2005
Mitre 10,QLD,INGHAM,-18.6505,146.1615
Mitre 10,QLD,INGHAM,-18.6495,146.1605
Mitre 10,QLD,INJUNE,-25.8455,148.5665
Mitre 10,QLD,IPSWICH,-27.6155,152.7635
Mitre 10,QLD,JIMBOOMBA,-27.8305,153.0235
Mitre 10,QLD,KALBAR,-27.9425,152.6235
Mitre 10,QLD,KENMORE,-27.5085,152.9345
Mitre 10,QLD,KINGAROY,-26.5425,151.8385
Mitre 10,QLD,KUNDA PARK,-26.6665,153.0445
Mitre 10,QLD,LONGREACH,-23.4415,144.2505
Mitre 10,QLD,LOWOOD,-27.4645,152.5805
Mitre 10,QLD,MACKAY,-21.1465,149.1765
Mitre 10,QLD,MALENY,-26.7585,152.8485
Mitre 10,QLD,MAREEBA,-16.9925,145.4215
Mitre 10,QLD,MARIAN,-21.1445,148.9745
Mitre 10,QLD,MILES,-26.6605,150.1855
Mitre 10,QLD,MISSION BEACH,-17.8725,146.1085
Mitre 10,QLD,MITCHELL,-26.4885,147.9735
Mitre 10,QLD,MITCHELTON,-27.4125,152.9735
Mitre 10,QLD,MONTO,-24.8635,151.1195
Mitre 10,QLD,MOOLOOLAH,-26.7645,152.9595
Mitre 10,QLD,MORANBAH,-22.0005,148.0495
Mitre 10,QLD,MOURA,-24.5685,149.9725
Mitre 10,QLD,MURGON,-26.2415,151.9425
Mitre 10,QLD,NAMBOUR,-26.6265,152.9585
Mitre 10,QLD,NARANGBA,-27.2025,152.9575
Mitre 10,QLD,NELLY BAY,-19.1555,146.8535
Mitre 10,QLD,NOOSAVILLE,-26.4025,153.0645
Mitre 10,QLD,NORTH TAMBORINE,-27.9255,153.1895
Mitre 10,QLD,NORTH TOOWOOMBA,-27.5455,151.9565
Mitre 10,QLD,PEREGIAN BEACH,-26.4805,153.0955
Mitre 10,QLD,PITTSWORTH,-27.7175,151.6325
Mitre 10,QLD,PLAINLAND,-27.5685,152.4175
Mitre 10,QLD,PROSERPINE NEW,-20.4025,148.5805
Mitre 10,QLD,ROCKHAMPTON NTH,-23.3685,150.5185
Mitre 10,QLD,RURAL VIEW,-21.0585,149.1675
Mitre 10,QLD,RUSSELL ISLAND NEW,-27.6535,153.3835
Mitre 10,QLD,SANDGATE,-27.3195,153.0685
Mitre 10,QLD,SARINA,-21.3935,149.2175
Mitre 10,QLD,SPRINGSURE,-24.1165,148.0875
Mitre 10,QLD,ST GEORGE,-28.0385,148.5775
Mitre 10,QLD,STANTHORPE,-28.6545,151.9335
Mitre 10,QLD,TAROOM,-25.6415,149.7955
Mitre 10,QLD,TARRAGINDI,-27.5275,153.0415
Mitre 10,QLD,TEXAS,-28.8525,151.1685
Mitre 10,QLD,THURSDAY ISLAND,-10.5845,142.2195
Mitre 10,QLD,TIN CAN BAY,-25.9185,153.0035
Mitre 10,QLD,TOOGOOLAWAH,-27.0865,152.3785
Mitre 10,QLD,TOOWOOMBA,-27.5585,151.9545
Mitre 10,QLD,TOWNSVILLE,-19.2635,146.8045
Mitre 10,QLD,TULLY,-17.9355,145.9265
Mitre 10,QLD,WEIPA,-12.6315,141.8765
Mitre 10,QLD,YEPPOON,-23.1315,150.7445
Mitre 10,SA,BALHANNAH,-34.9815,138.8315
Mitre 10,SA,BRIGHTON,-35.0165,138.5205
Mitre 10,SA,CLARE,-33.8295,138.6115
Mitre 10,SA,CLARE NEW,-33.829,138.611
Mitre 10,SA,CLEVE,-33.7295,136.4955
Mitre 10,SA,GAWLER,-34.6015,138.7475
Mitre 10,SA,GLENELG,-34.9785,138.5285
Mitre 10,SA,HECTORVILLE,-34.8965,138.6535
Mitre 10,SA,KADINA,-33.9635,137.7125
Mitre 10,SA,KEITH,-36.0985,140.3545
Mitre 10,SA,LYNDOCH,-34.6045,138.8905
Mitre 10,SA,MAITLAND,-34.3755,137.6715
Mitre 10,SA,MALVERN,-34.9625,138.6105
Mitre 10,SA,MANNUM,-34.9125,139.3085
Mitre 10,SA,MCLAREN VALE,-35.2185,138.5435
Mitre 10,SA,MILLICENT,-37.5965,140.3515
Mitre 10,SA,MOUNT BARKER,-35.0685,138.8685
Mitre 10,SA,MOUNT GAMBIER,-37.8285,140.7605
Mitre 10,SA,NARACOORTE,-36.9565,140.7415
Mitre 10,SA,NORMANVILLE,-35.4525,138.3185
Mitre 10,SA,NORWOOD,-34.9185,138.6385
Mitre 10,SA,NURIOOTPA,-34.4695,138.9955
Mitre 10,SA,PORT AUGUSTA,-32.4825,137.7715
Mitre 10,SA,PORT ELLIOT,-35.5315,138.6835
Mitre 10,SA,PORT LINCOLN,-34.7225,135.8645
Mitre 10,SA,PORT PIRIE,-33.1875,138.0125
Mitre 10,SA,REYNELLA,-35.0935,138.5425
Mitre 10,SA,ROBE,-37.1635,139.7575
Mitre 10,SA,ROXBY DOWNS,-30.5635,136.8285
Mitre 10,SA,STIRLING,-35.0135,138.7105
Mitre 10,SA,STRATHALBYN,-35.2635,138.8955
Mitre 10,SA,STREAKY BAY,-32.7965,134.2095
Mitre 10,SA,TORRENSVILLE,-34.9225,138.5585
Mitre 10,SA,TUMBY BAY,-34.3755,136.1035
Mitre 10,SA,VIRGINIA,-34.6675,138.5635
Mitre 10,SA,WAIKERIE,-34.1755,139.9965
Mitre 10,SA,WHYALLA,-33.0365,137.5685
Mitre 10,TAS,CURRIE,-39.9305,143.8485
Mitre 10,TAS,CYGNET,-43.1595,147.0785
Mitre 10,TAS,DELORAINE,-41.5265,146.6605
Mitre 10,TAS,DEVONPORT,-41.1765,146.3385
Mitre 10,TAS,EXETER,-41.3045,146.9385
Mitre 10,TAS,GEEVESTON,-43.1635,146.9245
Mitre 10,TAS,HOBART,-42.8835,147.3295
Mitre 10,TAS,HUONVILLE,-43.0315,147.0515
Mitre 10,TAS,KINGSTON,-42.9775,147.3085
Mitre 10,TAS,LATROBE,-41.2305,146.4155
Mitre 10,TAS,LAUNCESTON,-41.4325,147.1355
Mitre 10,TAS,MOONAH,-42.8445,147.2965
Mitre 10,TAS,MORNINGTON,-42.8685,147.3825
Mitre 10,TAS,NEW NORFOLK,-42.7815,147.0605
Mitre 10,TAS,PORT SORELL,-41.1685,146.5505
Mitre 10,TAS,SCOTTSDALE,-41.1575,147.5145
Mitre 10,TAS,SMITHTON,-40.8445,145.1215
Mitre 10,TAS,SORELL,-42.7805,147.5645
Mitre 10,TAS,ST HELENS,-41.3215,148.2465
Mitre 10,TAS,SWANSEA,-42.1245,148.0745
Mitre 10,TAS,ULVERSTONE,-41.1595,146.1755
Mitre 10,TAS,WESTBURY,-41.5285,146.8355
Mitre 10,TAS,WIVENHOE,-41.0665,145.9225
Mitre 10,VIC,ARARAT,-37.2835,142.9285
Mitre 10,VIC,BALLAN,-37.6045,144.2285
Mitre 10,VIC,BALLARAT,-37.5455,143.8445
Mitre 10,VIC,BANNOCKBURN,-38.0435,144.0285
Mitre 10,VIC,BAYSWATER,-37.8345,145.2675
Mitre 10,VIC,BEACONSFIELD,-38.0525,145.3675
Mitre 10,VIC,BEECHWORTH,-36.3605,146.6855
Mitre 10,VIC,BELMONT,-38.1725,144.3385
Mitre 10,VIC,BENALLA NEW,-36.5515,145.9815
Mitre 10,VIC,BENDIGO (GOLDEN SQUARE),-36.7825,144.2495
Mitre 10,VIC,BENDIGO,-36.7645,144.3015
Mitre 10,VIC,BRIGHTON,-37.9025,144.9975
Mitre 10,VIC,CAMPERDOWN,-38.2345,143.1465
Mitre 10,VIC,CAULFIELD,-37.8825,145.0235
Mitre 10,VIC,CHELTENHAM,-37.9625,145.0535
Mitre 10,VIC,CLAYTON,-37.9225,145.1235
Mitre 10,VIC,CLIFTON HILL,-37.7885,144.9895
Mitre 10,VIC,COBRAM,-35.9185,145.6465
Mitre 10,VIC,COHUNA,-35.8175,144.2185
Mitre 10,VIC,COWES NEW,-38.4555,145.2415
Mitre 10,VIC,DAYLESFORD,-37.3455,144.1485
Mitre 10,VIC,DIAMOND CREEK,-37.6745,145.1525
Mitre 10,VIC,DIMBOOLA NEW,-36.4525,142.0255
Mitre 10,VIC,DONCASTER EAST,-37.7865,145.1615
Mitre 10,VIC,DROUIN,-38.1385,145.8525
Mitre 10,VIC,DUNKELD,-37.6515,142.3485
Mitre 10,VIC,EMERALD,-37.9335,145.4385
Mitre 10,VIC,FRANKSTON,-38.1405,145.1435
Mitre 10,VIC,GEELONG SOUTH,-38.1565,144.3575
Mitre 10,VIC,GLEN IRIS,-37.8545,145.0505
Mitre 10,VIC,HAMILTON,-37.7465,142.0215
Mitre 10,VIC,HEATHCOTE,-36.9235,144.7075
Mitre 10,VIC,HEIDELBERG,-37.7555,145.0525
Mitre 10,VIC,HEYFIELD,-37.9825,146.7865
Mitre 10,VIC,HOPPERS CROSSING,-37.8805,144.6855
Mitre 10,VIC,HORSHAM,-36.7215,142.2035
Mitre 10,VIC,INGLEWOOD,-36.5745,143.8675
Mitre 10,VIC,INVERLOCH NEW,-38.6335,145.7275
Mitre 10,VIC,KILMORE NEW,-37.2945,144.9535
Mitre 10,VIC,KYABRAM,-36.3155,145.0485
Mitre 10,VIC,KYNETON,-37.2465,144.4535
Mitre 10,VIC,LANG LANG,-38.2655,145.5685
Mitre 10,VIC,LAVERTON NORTH,-37.8345,144.7955
Mitre 10,VIC,LILYDALE,-37.7565,145.3485
Mitre 10,VIC,MADDINGLEY,-37.6835,144.4375
Mitre 10,VIC,MARYBOROUGH,-37.0425,143.7385
Mitre 10,VIC,MOE,-38.1755,146.2625
Mitre 10,VIC,MOE,-38.1745,146.2615
Mitre 10,VIC,MONBULK,-37.8765,145.4175
Mitre 10,VIC,MOORABBIN,-37.9355,145.0345
Mitre 10,VIC,MYRTLEFORD,-36.5575,146.7235
Mitre 10,VIC,NATHALIA,-36.0665,145.2045
Mitre 10,VIC,NIDDRIE,-37.7365,144.8825
Mitre 10,VIC,PENSHURST,-37.8775,142.7155
Mitre 10,VIC,PORTLAND,-38.3485,141.6035
Mitre 10,VIC,RICHMOND,-37.8105,144.9985
Mitre 10,VIC,RICHMOND NORTH,-37.8195,145.0025
Mitre 10,VIC,ROCHESTER,-36.3595,144.7015
Mitre 10,VIC,ROMSEY,-37.3515,144.7425
Mitre 10,VIC,RYE,-38.3715,144.8215
Mitre 10,VIC,SEBASTOPOL,-37.5855,143.8425
Mitre 10,VIC,SHEPPARTON,-36.3865,145.4125
Mitre 10,VIC,SOMERVILLE,-38.2255,145.1765
Mitre 10,VIC,SORRENTO,-38.3395,144.7435
Mitre 10,VIC,ST ARNAUD,-36.6175,143.2565
Mitre 10,VIC,STAWELL,-37.0585,142.7755
Mitre 10,VIC,TALLANGATTA,-36.2165,147.1855
Mitre 10,VIC,TARWIN LOWER NEW,-38.6945,145.8745
Mitre 10,VIC,TATURA,-36.4395,145.2225
Mitre 10,VIC,TERANG,-38.2365,142.9135
Mitre 10,VIC,TORQUAY,-38.3305,144.3215
Mitre 10,VIC,WALLAN,-37.4165,144.9785
Mitre 10,VIC,WALLINGTON,-38.2245,144.5155
Mitre 10,VIC,WARBURTON,-37.7515,145.6985
Mitre 10,VIC,WARRNAMBOOL,-38.3815,142.4825
Mitre 10,VIC,WENDOUREE,-37.5335,143.8225
Mitre 10,VIC,WODONGA,-36.1215,146.8855
Mitre 10,VIC,WONTHAGGI NEW,-38.6145,145.5925
Mitre 10,VIC,YARRAM,-38.5605,146.6775
Mitre 10,WA,ALBANY,-34.0045,117.9045
Mitre 10,WA,BINDOON,-31.3855,116.0965
Mitre 10,WA,BODDINGTON,-32.8025,116.4745
Mitre 10,WA,BOULDER,-30.7825,121.4925
Mitre 10,WA,BRIDGETOWN,-33.9575,116.1365
Mitre 10,WA,BROOKTON,-32.3685,117.0085
Mitre 10,WA,BROOME,-17.9545,122.2355
Mitre 10,WA,BUNBURY,-33.3285,115.6385
Mitre 10,WA,BUSSELTON,-33.6555,115.3515
Mitre 10,WA,COOROW,-29.8835,116.0155
Mitre 10,WA,DALWALLINU NEW,-30.2785,116.6635
Mitre 10,WA,DENHAM,-25.9265,113.5355
Mitre 10,WA,DENMARK,-34.9605,117.3535
Mitre 10,WA,DONGARA NEW,-29.2515,114.9315
Mitre 10,WA,DUNSBOROUGH,-33.6155,115.1055
Mitre 10,WA,EXMOUTH,-21.9365,114.1245
Mitre 10,WA,GERALDTON,-28.7665,114.6365
Mitre 10,WA,HARVEY,-33.0785,115.8955
Mitre 10,WA,HILLARYS,-31.8025,115.7535
Mitre 10,WA,HYDEN NEW,-32.4505,118.8955
Mitre 10,WA,KALAMUNDA,-31.9755,116.0545
Mitre 10,WA,KULIN,-32.6685,118.1565
Mitre 10,WA,MALAGA,-31.8545,115.8935
Mitre 10,WA,MANDURAH,-32.5185,115.7485
Mitre 10,WA,MARGARET RIVER,-33.9515,115.0745
Mitre 10,WA,MERREDIN,-31.4815,118.2755
Mitre 10,WA,MOUNT BARKER,-34.6295,117.6655
Mitre 10,WA,MUNDIJONG,-32.3015,115.9865
Mitre 10,WA,NORTHBRIDGE,-31.9445,115.8545
Mitre 10,WA,PINJARRA,-32.6315,115.8725
Mitre 10,WA,TOM PRICE,-22.6965,117.7985
Mitre 10,WA,WAROONA NEW,-32.8465,115.9225
Mitre 10,WA,WONGAN HILLS,-30.8935,116.7185
Mitre 10,WA,YORK,-31.8895,116.7675
Total Tools,NSW,Total Tools Albion Park,-34.5686,150.7963
Total Tools,NSW,Total Tools Albury,-36.0746,146.9388
Total Tools,NSW,Total Tools Alexandria,-33.9114,151.1923
Total Tools,NSW,Total Tools Ashfield,-33.8824,151.1345
Total Tools,NSW,Total Tools Auburn,-33.8407,151.0423
Total Tools,NSW,Total Tools Ballina,-28.871,153.5513
Total Tools,NSW,Total Tools Bankstown,-33.9317,151.0347
Total Tools,NSW,Total Tools Bathurst,-33.4093,149.6053
Total Tools,NSW,Total Tools Blacktown,-33.785,150.908
Total Tools,NSW,Total Tools Brookvale,-33.761,151.2727
Total Tools,NSW,Total Tools Castle Hill,-33.7315,150.9859
Total Tools,NSW,Total Tools Coffs Harbour,-30.3204,153.1077
Total Tools,NSW,Total Tools Dubbo,-32.253,148.6253
Total Tools,NSW,Total Tools Gosford,-33.4116,151.3216
Total Tools,NSW,Total Tools Gregory Hills,-34.0152,150.7877
Total Tools,NSW,Total Tools Griffith,-34.2858,146.0694
Total Tools,NSW,Total Tools Lake Haven,-33.2281,151.4883
Total Tools,NSW,Total Tools Lansvale,-33.8967,150.9631
Total Tools,NSW,Total Tools Lismore,-28.8358,153.2805
Total Tools,NSW,Total Tools Marsden Park,-33.7011,150.8404
Total Tools,NSW,Total Tools McGraths Hill,-33.6067,150.8351
Total Tools,NSW,Total Tools Merimbula,-36.8872,149.9079
Total Tools,NSW,Total Tools Minchinbury,-33.7915,150.8309
Total Tools,NSW,Total Tools Mittagong,-34.4533,150.4485
Total Tools,NSW,Total Tools Mona Vale,-33.6705,151.3059
Total Tools,NSW,Total Tools Nowra,-34.8978,150.6094
Total Tools,NSW,Total Tools Orange,-33.2796,149.1022
Total Tools,NSW,Total Tools Penrith,-33.7432,150.6974
Total Tools,NSW,Total Tools Port Macquarie,-31.455,152.8809
Total Tools,NSW,Total Tools Rutherford,-32.7161,151.5283
Total Tools,NSW,Total Tools Sandgate,-32.8821,151.7103
Total Tools,NSW,Total Tools Smithfield,-33.8427,150.9329
Total Tools,NSW,Total Tools Tamworth,-31.1077,150.9004
Total Tools,NSW,Total Tools Taren Point,-34.0242,151.1252
Total Tools,NSW,Total Tools Wagga,-35.1147,147.3879
Total Tools,NSW,Total Tools Warners Bay,-32.9664,151.6496
Total Tools,NSW,Total Tools Wollongong,-34.4422,150.8877
Total Tools,QLD,Total Tools Bethania,-27.698,153.1706
Total Tools,QLD,Total Tools Brendale,-27.3197,152.9734
Total Tools,QLD,Total Tools Bundaberg,-24.8875,152.3243
Total Tools,QLD,Total Tools Burleigh Waters,-28.0984,153.4312
Total Tools,QLD,Total Tools Cairns,-16.9427,145.7699
Total Tools,QLD,Total Tools Cairns North,-16.8291,145.6946
Total Tools,QLD,Total Tools Caloundra,-26.8043,153.1118
Total Tools,QLD,Total Tools Capalaba,-27.5342,153.1979
Total Tools,QLD,Total Tools Coomera,-27.8631,153.3168
Total Tools,QLD,Total Tools Coopers Plains,-27.5684,153.0336
Total Tools,QLD,Total Tools East Brisbane,-27.4851,153.0416
Total Tools,QLD,Total Tools Hervey Bay,-25.2891,152.8436
Total Tools,QLD,Total Tools Ipswich,-27.6105,152.7936
Total Tools,QLD,Total Tools Mackay,-21.1824,149.1678
Total Tools,QLD,Total Tools Maroochydore,-26.6668,153.0441
Total Tools,QLD,Total Tools Morayfield,-27.1121,152.9469
Total Tools,QLD,Total Tools Noosaville,-26.4087,153.0534
Total Tools,QLD,Total Tools North Lakes,-27.2343,153.0121
Total Tools,QLD,Total Tools Richlands,-27.6015,152.9567
Total Tools,QLD,Total Tools Rockhampton,-23.3364,150.5187
Total Tools,QLD,Total Tools Springfield,-27.6534,152.8931
Total Tools,QLD,Total Tools Springwood,-27.6186,153.1132
Total Tools,QLD,Total Tools Tingalpa,-27.4714,153.1259
Total Tools,QLD,Total Tools Toowoomba,-27.5458,151.9216
Total Tools,QLD,Total Tools Townsville,-19.2736,146.7644
Total Tools,QLD,Total Tools Virginia,-27.3789,153.0567
Total Tools,VIC,Total Tools Ballarat,-37.5678,143.8291
Total Tools,VIC,Total Tools Bendigo,-36.7963,144.2483
Total Tools,VIC,Total Tools Braeside,-37.9947,145.1118
Total Tools,VIC,Total Tools Brooklyn,-37.8208,144.8396
Total Tools,VIC,Total Tools Caroline Springs,-37.7661,144.7335
Total Tools,VIC,Total Tools Carrum Downs,-38.0934,145.1685
Total Tools,VIC,Total Tools Clyde North,-38.1186,145.3407
Total Tools,VIC,Total Tools Dandenong,-38.0165,145.1873
Total Tools,VIC,Total Tools Echuca,-36.1411,144.7571
Total Tools,VIC,Total Tools Eltham,-37.7126,145.1486
Total Tools,VIC,Total Tools Epping,-37.6445,144.9961
Total Tools,VIC,Total Tools Fountain Gate,-38.0263,145.3094
Total Tools,VIC,Total Tools Geelong,-38.1065,144.3364
Total Tools,VIC,Total Tools Grovedale,-38.2045,144.3338
Total Tools,VIC,Total Tools Hoppers Crossing,-37.8767,144.7212
Total Tools,VIC,Total Tools Horsham,-36.7118,142.1994
Total Tools,VIC,Total Tools Kilsyth,-37.8227,145.3117
Total Tools,VIC,Total Tools Knoxfield,-37.9048,145.2393
Total Tools,VIC,Total Tools Melton,-37.6834,144.5826
Total Tools,VIC,Total Tools Mildura,-34.2043,142.1554
Total Tools,VIC,Total Tools Mitcham,-37.8164,145.1953
Total Tools,VIC,Total Tools Moorabbin,-37.9535,145.0864
Total Tools,VIC,Total Tools Mornington,-38.2325,145.0567
Total Tools,VIC,Total Tools Mount Waverley,-37.8996,145.1328
Total Tools,VIC,Total Tools Pakenham,-38.0827,145.4746
Total Tools,VIC,Total Tools Preston,-37.7429,144.9962
Total Tools,VIC,Total Tools Richmond,-37.8136,145.0067
Total Tools,VIC,Total Tools Rosebud,-38.3582,144.9044
Total Tools,VIC,Total Tools Shepparton,-36.3857,145.4124
Total Tools,VIC,Total Tools South Melbourne,-37.8306,144.9493
Total Tools,VIC,Total Tools Sunbury,-37.5898,144.7335
Total Tools,VIC,Total Tools Sunshine,-37.7715,144.8239
Total Tools,VIC,Total Tools Taylors Lakes,-37.7025,144.7876
Total Tools,VIC,Total Tools Thomastown,-37.6853,145.0256
Total Tools,VIC,Total Tools Traralgon,-38.1963,146.5492
Total Tools,VIC,Total Tools Tullamarine,-37.7121,144.8812
Total Tools,VIC,Total Tools Warrnambool,-38.3842,142.4965
Total Tools,VIC,Total Tools Wodonga,-36.1264,146.9085
Total Tools,VIC,Total Tools Wonthaggi,-38.6083,145.5977
Total Tools,NT,Total Tools Darwin,-12.4332,130.8715
Total Tools,WA,Total Tools Bunbury,-33.3421,115.6547
Total Tools,WA,Total Tools Canning Vale,-32.0628,115.9189
Total Tools,WA,Total Tools Cannington,-32.0163,115.9452
Total Tools,WA,Total Tools Joondalup,-31.7371,115.7607
Total Tools,WA,Total Tools Kewdale,-31.9822,115.9613
Total Tools,WA,Total Tools Malaga,-31.8519,115.8906
Total Tools,WA,Total Tools Mandurah,-32.5273,115.7338
Total Tools,WA,Total Tools Midland,-31.8924,116.0028
Total Tools,WA,Total Tools O'Connor,-32.0538,115.7871
Total Tools,WA,Total Tools Osborne Park,-31.9056,115.8153
Total Tools,WA,Total Tools Rockingham,-32.2842,115.7618
Total Tools,ACT,Total Tools Fyshwick,-35.3259,149.1764
Total Tools,TAS,Total Tools Devonport,-41.1824,146.3533
Total Tools,TAS,Total Tools Hobart,-42.8361,147.2838
Total Tools,TAS,Total Tools Kingston,-42.9839,147.3117
Total Tools,TAS,Total Tools Launceston,-41.4168,147.1354
Total Tools,SA,Total Tools Berri,-34.2831,140.5847
Total Tools,SA,Total Tools Elizabeth,-34.7175,138.6702
Total Tools,SA,Total Tools Lonsdale,-35.1325,138.5134
Total Tools,SA,Total Tools Marion,-35.0116,138.5507
Total Tools,SA,Total Tools Mount Barker,-35.0535,138.8475
Total Tools,SA,Total Tools Mount Gambier,-37.8285,140.7513
Total Tools,SA,Total Tools Port Lincoln,-34.7214,135.8459
Total Tools,SA,Total Tools Seaford,-35.1765,138.4878
Total Tools,SA,Total Tools Thebarton,-34.9142,138.5756
Total Tools,SA,Total Tools Windsor Gardens,-34.8624,138.6433
Total Tools,SA,Total Tools Wingfield,-34.8436,138.5636
